{
  "hash": "05171f71",
  "configHash": "feb28acf",
  "lockfileHash": "2e83af64",
  "browserHash": "52dada6e",
  "optimized": {
    "@angular/common": {
      "src": "../../../../../../node_modules/@angular/common/fesm2022/common.mjs",
      "file": "@angular_common.js",
      "fileHash": "25b3be2e",
      "needsInterop": false
    },
    "@angular/common/http": {
      "src": "../../../../../../node_modules/@angular/common/fesm2022/http.mjs",
      "file": "@angular_common_http.js",
      "fileHash": "2bcfe7fe",
      "needsInterop": false
    },
    "@angular/core": {
      "src": "../../../../../../node_modules/@angular/core/fesm2022/core.mjs",
      "file": "@angular_core.js",
      "fileHash": "3a24c270",
      "needsInterop": false
    },
    "@angular/forms": {
      "src": "../../../../../../node_modules/@angular/forms/fesm2022/forms.mjs",
      "file": "@angular_forms.js",
      "fileHash": "8d3ca068",
      "needsInterop": false
    },
    "@angular/platform-browser": {
      "src": "../../../../../../node_modules/@angular/platform-browser/fesm2022/platform-browser.mjs",
      "file": "@angular_platform-browser.js",
      "fileHash": "998bfdb2",
      "needsInterop": false
    },
    "@angular/router": {
      "src": "../../../../../../node_modules/@angular/router/fesm2022/router.mjs",
      "file": "@angular_router.js",
      "fileHash": "ac3933b1",
      "needsInterop": false
    },
    "rxjs": {
      "src": "../../../../../../node_modules/rxjs/dist/esm5/index.js",
      "file": "rxjs.js",
      "fileHash": "d151e79a",
      "needsInterop": false
    }
  },
  "chunks": {
    "chunk-6R6GMINV": {
      "file": "chunk-6R6GMINV.js"
    },
    "chunk-3SYTFI7M": {
      "file": "chunk-3SYTFI7M.js"
    },
    "chunk-ZR2GWZBP": {
      "file": "chunk-ZR2GWZBP.js"
    },
    "chunk-PAGLIXZA": {
      "file": "chunk-PAGLIXZA.js"
    },
    "chunk-RMG632KN": {
      "file": "chunk-RMG632KN.js"
    },
    "chunk-PJVWDKLX": {
      "file": "chunk-PJVWDKLX.js"
    }
  }
}